<?xml version="1.0" encoding="UTF-8" standalone="yes"?>
<addon id="KODICOLONIA" name="KODI COLONIA" version="1.0" provider-name="KODI COLONIA, SGK">
  <requires>
    <import addon="xbmc.python" version="2.1.0"/>
  </requires>
  <extension point="xbmc.python.pluginsource" library="default.py">
        <provides>program executable</provides>
  </extension>
  <extension point="xbmc.addon.metadata">
    <summary lang="en">KODI COLONIA</summary>
    <description lang="en">[COLORred]DIESER WIZARD IST DER ERSTE VON KCOLONIA UND FUNKTIONIERT MIT KODI KRYPTON VIEL SPASS UND VERGN�GEN KINGKEVO51COLOR]</description>	
    <platform>all</platform>
  </extension>
</addon>
